{"0": 0.09750505465363003, "1": 0.06471964022319782, "2": 0.047774513209398906, "3": 0.05427505572606345, "4": 0.045927845588380534, "5": 0.040299753078284394, "6": 0.03343701980506887, "7": 0.03454204976278958, "8": 0.027484301601825866, "9": 0.027215542208524093, "10": 0.03295954177046487, "11": 0.03371174886883873, "12": 0.02303462084753336, "13": 0.022818006204949354, "14": 0.023588104023982183, "15": 0.02433594522128183, "16": 0.020578055659692503, "17": 0.024676823011971005, "18": 0.021969179034042344}